lr;gamma;hidden_layers
0.001991743536437494;0.99;(255, 255, 255)
Episodes;Steps;Reward;Success
3;600;0.3330500133615194;0.0
5;1000;0.25633515041334876;0.0
