lr;gamma;hidden_layers
0.001991743536437494;0.99;(255, 255, 255)
Episodes;Steps;Reward;Success
3;600;0.290280776836437;0.0
5;1000;0.15559949128837453;0.0
