lr;gamma;hidden_layers
0.001991743536437494;0.99;(255, 255, 255)
Episodes;Steps;Reward;Success
3;600;0.0;0.0
5;1000;0.45097677443585776;0.0
