lr;gamma;hidden_layers
0.001991743536437494;0.99;(255, 255, 255)
Episodes;Steps;Reward;Success
3;600;1.295431373552206;0.0
5;1000;0.33288915104994155;0.0
